ID	latin_name	url	caption
1		../Drawing/Plant_images/images/aaaimages.ods	
2	Abutilon megapotamicum	../Drawing/Plant_images/images/AbutilonMegapotamicum.jpg	
3	Abutilon species	../Drawing/Plant_images/images/AbutilonSpecies.jpg	
4	Abutilon species	../Drawing/Plant_images/images/AbutilonSpecies2.jpg	
5	Abutilon species	../Drawing/Plant_images/images/AbutilonSpecies3.jpg	
6	Abutilon species	../Drawing/Plant_images/images/AbutilonSpecies4.jpg	
7	Abutilon species	../Drawing/Plant_images/images/AbutilonSpecies5.jpg	
8	Abutilon species	../Drawing/Plant_images/images/AbutilonSpecies6.jpg	
9	Abutilon vitifolium	../Drawing/Plant_images/images/AbutilonVitifolium.jpg	
10	Abutilon vitifolium	../Drawing/Plant_images/images/AbutilonVitifolium2.jpg	
11	Acacia dealbata	../Drawing/Plant_images/images/AcaciaDealbata.jpg	
12	Acacia dealbata	../Drawing/Plant_images/images/AcaciaDealbata2.jpg	
13	Acca sellowiana	../Drawing/Plant_images/images/AccaSellowiana.jpg	
14	Acca sellowiana	../Drawing/Plant_images/images/AccaSellowiana2.jpg	
15	Acca sellowiana	../Drawing/Plant_images/images/AccaSellowiana3.jpg	
16	Acca sellowiana	../Drawing/Plant_images/images/AccaSellowiana4.jpg	
17	Acer macrophyllum	../Drawing/Plant_images/images/AcerMacrophyllum.jpg	
18	Acer mono	../Drawing/Plant_images/images/AcerMono.jpg	
19	Acer platanoides	../Drawing/Plant_images/images/AcerPlatanoides.jpg	
20	Achillea millefolium	../Drawing/Plant_images/images/AchilleaMillefolium.jpg	
21	Acinos arvensis	../Drawing/Plant_images/images/AcinosArvensis.jpg	
22	Actinidia deliciosa	../Drawing/Plant_images/images/ActinidiaDeliciosa.jpg	
23	Actinidia deliciosa	../Drawing/Plant_images/images/ActinidiaDeliciosa2.jpg	
24	Actinidia deliciosa	../Drawing/Plant_images/images/ActinidiaDeliciosa3.jpg	
25	Actinidia deliciosa	../Drawing/Plant_images/images/ActinidiaDeliciosa4.jpg	
26	Actinidia kolomikta	../Drawing/Plant_images/images/ActinidiaKolomikta.jpg	
27	Actinidia kolomikta	../Drawing/Plant_images/images/ActinidiaKolomikta2.jpg	
28	Adenophora liliifolia	../Drawing/Plant_images/images/AdenophoraLiliifolia.jpg	
29	Adiantum capillus-veneris	../Drawing/Plant_images/images/AdiantumCapillus-veneris.jpg	
30	Adiantum capillus-veneris	../Drawing/Plant_images/images/AdiantumCapillus-veneris2.jpg	
31	Aesculus californica	../Drawing/Plant_images/images/AesculusCalifornica.jpg	
32	Aesculus glabra	../Drawing/Plant_images/images/AesculusGlabra.jpg	
33	Aesculus glabra	../Drawing/Plant_images/images/AesculusGlabra2.jpg	
34	Aesculus indica	../Drawing/Plant_images/images/AesculusIndica.jpg	
35	Aesculus indica	../Drawing/Plant_images/images/AesculusIndica2.jpg	
36	Agastache foeniculum	../Drawing/Plant_images/images/AgastacheFoeniculum.jpg	
37	Agastache foeniculum	../Drawing/Plant_images/images/AgastacheFoeniculum2.jpg	
38	Agastache foeniculum	../Drawing/Plant_images/images/AgastacheFoeniculum3.jpg	
39	Agastache rugosa	../Drawing/Plant_images/images/AgastacheRugosa.jpg	
40	Agastache rugosa	../Drawing/Plant_images/images/AgastacheRugosa2.jpg	
41	Ajuga reptans	../Drawing/Plant_images/images/AjugaReptans.jpg	
42	Ajuga reptans	../Drawing/Plant_images/images/AjugaReptans2.jpg	
43	Akebia quinata	../Drawing/Plant_images/images/AkebiaQuinata.jpg	
44	Akebia trifoliata	../Drawing/Plant_images/images/AkebiaTrifoliata.jpg	
45	Akebia trifoliata	../Drawing/Plant_images/images/AkebiaTrifoliata2.jpg	
46	Akebia trifoliata	../Drawing/Plant_images/images/AkebiaTrifoliata3.jpg	
47	Albizia julibrissin	../Drawing/Plant_images/images/AlbiziaJulibrissin.jpg	
48	Albizia julibrissin	../Drawing/Plant_images/images/AlbiziaJulibrissin2.jpg	
49	Alchemilla xanthochlora	../Drawing/Plant_images/images/AlchemillaXanthochlora.jpg	
50	Alliaria petiolata	../Drawing/Plant_images/images/AlliariaPetiolata.jpg	
51	Allium ampeloprasum	../Drawing/Plant_images/images/AlliumAmpeloprasum.jpg	
52	Allium angulosum	../Drawing/Plant_images/images/AlliumAngulosum.jpg	
53	Allium angulosum	../Drawing/Plant_images/images/AlliumAngulosum2.jpg	
54	Allium canadense	../Drawing/Plant_images/images/AlliumCanadense.jpg	
55	Allium carinatum	../Drawing/Plant_images/images/AlliumCarinatum.jpg	
56	Allium carinatum	../Drawing/Plant_images/images/AlliumCarinatum2.jpg	
57	Allium carinatum	../Drawing/Plant_images/images/AlliumCarinatum3.jpg	
58	AlliumCepaAggreg atum	../Drawing/Plant_images/images/AlliumCepaAggregatum.jpg	
59	AlliumCepaAggreg atum	../Drawing/Plant_images/images/AlliumCepaAggregatum2.jpg	
60	Allium cernuum	../Drawing/Plant_images/images/AlliumCernuum.jpg	
61	Allium cernuum	../Drawing/Plant_images/images/AlliumCernuum2.jpg	
62	Allium christophii	../Drawing/Plant_images/images/AlliumChristophii.jpg	
63	Allium fistulosum	../Drawing/Plant_images/images/AlliumFistulosum.jpg	
64	Allium flavum	../Drawing/Plant_images/images/AlliumFlavum.jpg	
65	Allium moly	../Drawing/Plant_images/images/AlliumMoly.jpg	
66	Allium neapolitanum	../Drawing/Plant_images/images/AlliumNeapolitanum.jpg	
67	Allium neapolitanum	../Drawing/Plant_images/images/AlliumNeapolitanum2.jpg	
68	Allium paradoxum	../Drawing/Plant_images/images/AlliumParadoxum.jpg	
69	Allium przewalskianum	../Drawing/Plant_images/images/AlliumPrzewalskianum.jpg	
70	Allium roseum	../Drawing/Plant_images/images/AlliumRoseum.jpg	
71	Allium roseum	../Drawing/Plant_images/images/AlliumRoseum2.jpg	
72	AlliumSativumOphios corodon	../Drawing/Plant_images/images/AlliumSativumOphioscorodon.jpg	
73	AlliumSativumOphios corodon	../Drawing/Plant_images/images/AlliumSativumOphioscorodon2.jpg	
74	Allium sphaerocephalon	../Drawing/Plant_images/images/AlliumSphaerocephalon.jpg	
75	Allium sphaerocephalon	../Drawing/Plant_images/images/AlliumSphaerocephalon2.jpg	
76	Allium subhirsutum	../Drawing/Plant_images/images/AlliumSubhirsutum.jpg	
77	Allium thunbergii	../Drawing/Plant_images/images/AlliumThunbergii.jpg	
78	Allium triquetrum	../Drawing/Plant_images/images/AlliumTriquetrum.jpg	
79	Allium triquetrum	../Drawing/Plant_images/images/AlliumTriquetrum2.jpg	
80	Allium triquetrum	../Drawing/Plant_images/images/AlliumTriquetrum3.jpg	
81	Allium tuberosum	../Drawing/Plant_images/images/AlliumTuberosum.jpg	
82	Allium tuberosum	../Drawing/Plant_images/images/AlliumTuberosum2.jpg	
83	Allium tuberosum	../Drawing/Plant_images/images/AlliumTuberosum3.jpg	
84	Allium unifolium	../Drawing/Plant_images/images/AlliumUnifolium.jpg	
85	Allium ursinum	../Drawing/Plant_images/images/AlliumUrsinum.jpg	
86	Allium ursinum	../Drawing/Plant_images/images/AlliumUrsinum2.jpg	
87	Allium vineale	../Drawing/Plant_images/images/AlliumVineale.jpg	
88	Allium vineale	../Drawing/Plant_images/images/AlliumVineale2.jpg	
89	Alnus cordata	../Drawing/Plant_images/images/AlnusCordata.jpg	
90	Alnus rubra	../Drawing/Plant_images/images/AlnusRubra.jpg	
91	Aloysia triphylla	../Drawing/Plant_images/images/AloysiaTriphylla.jpg	
92	Alstroemeria aurea	../Drawing/Plant_images/images/AlstroemeriaAurea.jpg	
93	Althaea officinalis	../Drawing/Plant_images/images/AlthaeaOfficinalis.jpg	
94	Althaea officinalis	../Drawing/Plant_images/images/AlthaeaOfficinalis2.jpg	
95	Althaea officinalis	../Drawing/Plant_images/images/AlthaeaOfficinalis3.jpg	
96	Alyssum maritimum	../Drawing/Plant_images/images/AlyssumMaritimum.jpg	
97	Alyssum maritimum	../Drawing/Plant_images/images/AlyssumMaritimum2.jpg	
98	Amaranthus caudatus	../Drawing/Plant_images/images/AmaranthusCaudatus.jpg	
99	Amaranthus caudatus	../Drawing/Plant_images/images/AmaranthusCaudatus2.jpg	
100	Amaranthus hybridus	../Drawing/Plant_images/images/AmaranthusHybridus.jpg	
101	Ambrosia chamissonis	../Drawing/Plant_images/images/AmbrosiaChamissonis.jpg	
102	Amelanchier alnifolia	../Drawing/Plant_images/images/AmelanchierAlnifolia.jpg	
103	Amelanchier alnifolia	../Drawing/Plant_images/images/AmelanchierAlnifolia2.jpg	
104	Amelanchier alnifolia	../Drawing/Plant_images/images/AmelanchierAlnifolia3.jpg	
105	Amelanchier alnifolia	../Drawing/Plant_images/images/AmelanchierAlnifolia4.jpg	
106	Amelanchier alnifolia	../Drawing/Plant_images/images/AmelanchierAlnifolia5.jpg	
107	Amelanchier arborea	../Drawing/Plant_images/images/AmelanchierArborea.jpg	
108	Amelanchier arborea	../Drawing/Plant_images/images/AmelanchierArborea2.jpg	
109	Amelanchier bartramiana	../Drawing/Plant_images/images/AmelanchierBartramiana.jpg	
110	Amelanchier bartramiana	../Drawing/Plant_images/images/AmelanchierBartramiana2.jpg	
111	Amelanchier canadensis	../Drawing/Plant_images/images/AmelanchierCanadensis.jpg	
112	Amelanchier confusa	../Drawing/Plant_images/images/AmelanchierConfusa.jpg	
113	Amelanchier confusa	../Drawing/Plant_images/images/AmelanchierConfusa2.jpg	
114	Amelanchier confusa	../Drawing/Plant_images/images/AmelanchierConfusa3.jpg	
115	Amelanchier intermedia	../Drawing/Plant_images/images/AmelanchierIntermedia.jpg	
116	Amelanchier intermedia	../Drawing/Plant_images/images/AmelanchierIntermedia2.jpg	
117	Amelanchier laevis	../Drawing/Plant_images/images/AmelanchierLaevis.jpg	
118	Amelanchier lamarckii	../Drawing/Plant_images/images/AmelanchierLamarckii.jpg	
119	Amelanchier lamarckii	../Drawing/Plant_images/images/AmelanchierLamarckii2.jpg	
120	Amelanchier stolonifera	../Drawing/Plant_images/images/AmelanchierStolonifera.jpg	
121	Amelanchier stolonifera	../Drawing/Plant_images/images/AmelanchierStolonifera2.jpg	
122	Amelanchier stolonifera	../Drawing/Plant_images/images/AmelanchierStolonifera3.jpg	
123	Amelanchier stolonifera	../Drawing/Plant_images/images/AmelanchierStolonifera4.jpg	
124	AmelanchierXGrandiflora 	../Drawing/Plant_images/images/AmelanchierXGrandiflora.jpg	
125	AmelanchierXGrandiflora 	../Drawing/Plant_images/images/AmelanchierXGrandiflora2.jpg	
126	Amphicarpaea bracteata	../Drawing/Plant_images/images/AmphicarpaeaBracteata.jpg	
127	Anemone nemorosa	../Drawing/Plant_images/images/AnemoneNemorosa.jpg	
128	Anemone nemorosa	../Drawing/Plant_images/images/AnemoneNemorosa2.jpg	
129	Anemone occidentalis	../Drawing/Plant_images/images/AnemoneOccidentalis.jpg	
130	Antennaria rosea	../Drawing/Plant_images/images/AntennariaRosea.jpg	
131	Anthriscus sylvestris	../Drawing/Plant_images/images/AnthriscusSylvestris.jpg	
132	Anthriscus sylvestris	../Drawing/Plant_images/images/AnthriscusSylvestris2.jpg	
133	Apios americana	../Drawing/Plant_images/images/ApiosAmericana.jpg	
134	Apios americana	../Drawing/Plant_images/images/ApiosAmericana2.jpg	
135	Aponogeton distachyos	../Drawing/Plant_images/images/AponogetonDistachyos.jpg	
136	Aquilegia formosa	../Drawing/Plant_images/images/AquilegiaFormosa.jpg	
137	Aquilegia vulgaris	../Drawing/Plant_images/images/AquilegiaVulgaris.jpg	
138	Aquilegia vulgaris	../Drawing/Plant_images/images/AquilegiaVulgaris2.jpg	
139	Aralia elata	../Drawing/Plant_images/images/AraliaElata.jpg	
140	Aralia mandschurica	../Drawing/Plant_images/images/AraliaMandschurica.jpg	
141	Araucaria araucana	../Drawing/Plant_images/images/AraucariaAraucana.jpg	
142	Araucaria araucana	../Drawing/Plant_images/images/AraucariaAraucana2.jpg	
143	Araucaria araucana	../Drawing/Plant_images/images/AraucariaAraucana3.jpg	
144	Araucaria araucana	../Drawing/Plant_images/images/AraucariaAraucana4.jpg	
145	Araucaria araucana	../Drawing/Plant_images/images/AraucariaAraucana5.jpg	
146	Arbutus andrachne	../Drawing/Plant_images/images/ArbutusAndrachne.jpg	
147	Arbutus andrachne	../Drawing/Plant_images/images/ArbutusAndrachne2.jpg	
148	Arbutus menziesii	../Drawing/Plant_images/images/ArbutusMenziesii.jpg	
149	Arbutus menziesii	../Drawing/Plant_images/images/ArbutusMenziesii2.jpg	
150	Arbutus menziesii	../Drawing/Plant_images/images/ArbutusMenziesii3.jpg	
151	Arbutus unedo	../Drawing/Plant_images/images/ArbutusUnedo.jpg	
152	Arbutus unedo	../Drawing/Plant_images/images/ArbutusUnedo2.jpg	
153	Arbutus unedo	../Drawing/Plant_images/images/ArbutusUnedo3.jpg	
154	Arbutus unedo	../Drawing/Plant_images/images/ArbutusUnedo4.jpg	
155	Arbutus unedo	../Drawing/Plant_images/images/ArbutusUnedo5.jpg	
156	Arctium lappa	../Drawing/Plant_images/images/ArctiumLappa.jpg	
157	Arctium lappa	../Drawing/Plant_images/images/ArctiumLappa2.jpg	
158	Arctium minus	../Drawing/Plant_images/images/ArctiumMinus.jpg	
159	Arctostaphylos manzanita	../Drawing/Plant_images/images/ArctostaphylosManzanita.jpg	
160	Arctostaphylos manzanita	../Drawing/Plant_images/images/ArctostaphylosManzanita2.jpg	
161	Arctostaphylos manzanita	../Drawing/Plant_images/images/ArctostaphylosManzanita3.jpg	
162	Arctostaphylos nevadensis	../Drawing/Plant_images/images/ArctostaphylosNevadensis.jpg	
163	Arctostaphylos uva-ursi	../Drawing/Plant_images/images/ArctostaphylosUva-ursi.jpg	
164	Arctostaphylos uva-ursi	../Drawing/Plant_images/images/ArctostaphylosUva-ursi2.jpg	
165	Arisaema jacquemontii	../Drawing/Plant_images/images/ArisaemaJacquemontii.jpg	
166	Arisaema jacquemontii	../Drawing/Plant_images/images/ArisaemaJacquemontii2.jpg	
167	Arisaema triphyllum	../Drawing/Plant_images/images/ArisaemaTriphyllum.jpg	
168	Aristotelia chilensis	../Drawing/Plant_images/images/AristoteliaChilensis.jpg	
169	Armeria maritima	../Drawing/Plant_images/images/ArmeriaMaritima.jpg	
170	Armeria maritima-	../Drawing/Plant_images/images/ArmeriaMaritima-1.jpg	
171	Artemisia maritima	../Drawing/Plant_images/images/ArtemisiaMaritima.jpg	
172	Arum maculatum	../Drawing/Plant_images/images/ArumMaculatum.jpg	
173	Arundo donax	../Drawing/Plant_images/images/ArundoDonax.jpg	
174	Arundo donax	../Drawing/Plant_images/images/ArundoDonax2.jpg	
175	Asarum canadense	../Drawing/Plant_images/images/AsarumCanadense.jpg	
176	Asarum canadense	../Drawing/Plant_images/images/AsarumCanadense2.jpg	
177	Asarum caudatum	../Drawing/Plant_images/images/AsarumCaudatum.jpg	
178	Asarum caudatum	../Drawing/Plant_images/images/AsarumCaudatum2.jpg	
179	Asarum caudatum-	../Drawing/Plant_images/images/AsarumCaudatum-1.jpg	
180	Asimina triloba	../Drawing/Plant_images/images/AsiminaTriloba.jpg	
181	Asimina triloba	../Drawing/Plant_images/images/AsiminaTriloba2.jpg	
182	Asparagus officinalis	../Drawing/Plant_images/images/AsparagusOfficinalis.jpg	
183	Asphodeline lutea	../Drawing/Plant_images/images/AsphodelineLutea.jpg	
184	Asphodeline lutea	../Drawing/Plant_images/images/AsphodelineLutea2.jpg	
185	Asphodeline lutea	../Drawing/Plant_images/images/AsphodelineLutea3.jpg	
186	Asphodelus aestivus	../Drawing/Plant_images/images/AsphodelusAestivus.jpg	
187	Asphodelus albus	../Drawing/Plant_images/images/AsphodelusAlbus.jpg	
188	Asphodelus albus	../Drawing/Plant_images/images/AsphodelusAlbus2.jpg	
189	Astrantia major	../Drawing/Plant_images/images/AstrantiaMajor.jpg	
190	Astrantia major	../Drawing/Plant_images/images/AstrantiaMajor2.jpg	
191	Atriplex halimus	../Drawing/Plant_images/images/AtriplexHalimus.jpg	
192	Atriplex hastata	../Drawing/Plant_images/images/AtriplexHastata.jpg	
193	Aubrietia deltoidea	../Drawing/Plant_images/images/AubrietiaDeltoidea.jpg	
194	Aubrietia deltoidea	../Drawing/Plant_images/images/AubrietiaDeltoidea2.jpg	
195	Aucuba japonica	../Drawing/Plant_images/images/AucubaJaponica.jpg	
196	Aucuba japonica	../Drawing/Plant_images/images/AucubaJaponica2.jpg	
197	Aurinia saxatilis	../Drawing/Plant_images/images/AuriniaSaxatilis.jpg	
198	Azorina vidalii	../Drawing/Plant_images/images/AzorinaVidalii.jpg	
199	Balsamorhiza sagittata	../Drawing/Plant_images/images/BalsamorhizaSagittata.jpg	
200		../Drawing/Plant_images/images/Bamboo.jpg	
201		../Drawing/Plant_images/images/Bamboo2.jpg	
202		../Drawing/Plant_images/images/Bamboo3.jpg	
203	Barbarea plantaginae	../Drawing/Plant_images/images/BarbareaPlantaginae.jpg	
204	Barbarea verna	../Drawing/Plant_images/images/BarbareaVerna.jpg	
205	BegoniaXTuberhy brida	../Drawing/Plant_images/images/BegoniaXTuberhybrida.jpg	
206		../Drawing/Plant_images/images/Berberis.jpg	
207	Berberis empetrifolia	../Drawing/Plant_images/images/BerberisEmpetrifolia.jpg	
208	Berberis empetrifolia	../Drawing/Plant_images/images/BerberisEmpetrifolia2.jpg	
209	Berberis linearifolia	../Drawing/Plant_images/images/BerberisLinearifolia.jpg	
210	BerberisXLologens is	../Drawing/Plant_images/images/BerberisXLologensis.jpg	
211	BerberisXLologens is	../Drawing/Plant_images/images/BerberisXLologensis2.jpg	
212	BerberisXStenophy lla	../Drawing/Plant_images/images/BerberisXStenophylla.jpg	
213	BerberisXStenophy lla	../Drawing/Plant_images/images/BerberisXStenophylla2.jpg	
214	BerberisXStenophy lla	../Drawing/Plant_images/images/BerberisXStenophylla3.jpg	
215	Brassica oleracea	../Drawing/Plant_images/images/BrassicaOleracea.jpg	
216	Brodiaea coronaria	../Drawing/Plant_images/images/BrodiaeaCoronaria.jpg	
217	Cakile edentula	../Drawing/Plant_images/images/CakileEdentula.jpg	
218	Caltha leptosepala	../Drawing/Plant_images/images/CalthaLeptosepala.jpg	
219	Caltha palustris	../Drawing/Plant_images/images/CalthaPalustris.jpg	
220	Calypso bulbosa	../Drawing/Plant_images/images/CalypsoBulbosa.jpg	
221	Camassia leichtlinii	../Drawing/Plant_images/images/CamassiaLeichtlinii.jpg	
222	Campanula portenschlagiana	../Drawing/Plant_images/images/CampanulaPortenschlagiana.jpg	
223	Campanula poscharskyana	../Drawing/Plant_images/images/CampanulaPoscharskyana.jpg	
224	Campanula takesimana	../Drawing/Plant_images/images/CampanulaTakesimana.jpg	
225	Campanula takesimana	../Drawing/Plant_images/images/CampanulaTakesimana2.jpg	
226	Campanula versicolor	../Drawing/Plant_images/images/CampanulaVersicolor.jpg	
227	Cardamine pulcherrima	../Drawing/Plant_images/images/CardaminePulcherrima.jpg	
228	Carex hirta	../Drawing/Plant_images/images/CarexHirta.jpg	
229	Carex macrocephala	../Drawing/Plant_images/images/CarexMacrocephala.jpg	
230	Castilleja miniata	../Drawing/Plant_images/images/CastillejaMiniata.jpg	
231		../Drawing/Plant_images/images/CastillejaParvifloraOlympia.jpg	
232	Centaurea nigra	../Drawing/Plant_images/images/CentaureaNigra.jpg	
233	Cerastium arvense	../Drawing/Plant_images/images/CerastiumArvense.jpg	
234	Chaenomeles japonica	../Drawing/Plant_images/images/ChaenomelesJaponica.jpg	
235	Chaenomeles japonica	../Drawing/Plant_images/images/ChaenomelesJaponica2.jpg	
236	Chenopodium ambrosioidesanthelminticum	../Drawing/Plant_images/images/ChenopodiumAmbrosioidesAnthelminticum.jpg	
237	Chrysanthemum leucanthemum	../Drawing/Plant_images/images/ChrysanthemumLeucanthemum.jpg	
238	Cichorium intybus	../Drawing/Plant_images/images/CichoriumIntybus.jpg	
239	Cirsium arvense	../Drawing/Plant_images/images/CirsiumArvense.jpg	
240	Cirsium edule	../Drawing/Plant_images/images/CirsiumEdule.jpg	
241	Claytonia perfoliata	../Drawing/Plant_images/images/ClaytoniaPerfoliata.jpg	
242	Claytonia perfoliata	../Drawing/Plant_images/images/ClaytoniaPerfoliata2.jpg	
243	Collinsia grandiflora	../Drawing/Plant_images/images/CollinsiaGrandiflora.jpg	
244	Collinsia parviflora	../Drawing/Plant_images/images/CollinsiaParviflora.jpg	
245	Convallaria majalis	../Drawing/Plant_images/images/ConvallariaMajalis.jpg	
246	Convallaria majalis	../Drawing/Plant_images/images/ConvallariaMajalis2.jpg	
247	Convolvulus sepium	../Drawing/Plant_images/images/ConvolvulusSepium.jpg	
248	Convolvulus soldanella	../Drawing/Plant_images/images/ConvolvulusSoldanella.jpg	
249	Corallorhiza maculata	../Drawing/Plant_images/images/CorallorhizaMaculata.jpg	
250	Cornus canadensis	../Drawing/Plant_images/images/CornusCanadensis.jpg	
251	Cornus canadensis	../Drawing/Plant_images/images/CornusCanadensis2.jpg	
252	Cornus kousa	../Drawing/Plant_images/images/CornusKousa.jpg	
253	Cornus mas	../Drawing/Plant_images/images/CornusMas.jpg	
254	Crataegus arnoldiana	../Drawing/Plant_images/images/CrataegusArnoldiana.jpg	
255	Crataegus ellwangeriana	../Drawing/Plant_images/images/CrataegusEllwangeriana.jpg	
256	Crataegus pedicellata	../Drawing/Plant_images/images/CrataegusPedicellata.jpg	
257	Crataegus schraderiana	../Drawing/Plant_images/images/CrataegusSchraderiana.jpg	
258	Cymbalaria muralis	../Drawing/Plant_images/images/CymbalariaMuralis.jpg	
259	Darmera peltata	../Drawing/Plant_images/images/DarmeraPeltata.jpg	
260	Delphinium nuttallianum	../Drawing/Plant_images/images/DelphiniumNuttallianum.jpg	
261	Dicentra fromosa	../Drawing/Plant_images/images/DicentraFromosa.jpg	
262	Disporum hookeri	../Drawing/Plant_images/images/DisporumHookeri.jpg	
263	Dodecatheon hendersonii	../Drawing/Plant_images/images/DodecatheonHendersonii.jpg	
264	Douglasia laevigata	../Drawing/Plant_images/images/DouglasiaLaevigata.jpg	
265	Drthocarpus imbricatlis	../Drawing/Plant_images/images/DrthocarpusImbricatlis.jpg	
266		../Drawing/Plant_images/images/ElaeagnusXEbbingei.jpg	
267		../Drawing/Plant_images/images/ElaeagnusXEbbingei2.jpg	
268		../Drawing/Plant_images/images/ElaeagnusXEbbingei3.jpg	
269		../Drawing/Plant_images/images/ElaeagnusXEbbingei4.jpg	
270	Epilobium angustifolium	../Drawing/Plant_images/images/EpilobiumAngustifolium.jpg	
271	Erigeron peregrinus	../Drawing/Plant_images/images/ErigeronPeregrinus.jpg	
272	Erythronium grandiflorum	../Drawing/Plant_images/images/ErythroniumGrandiflorum.jpg	
273	Erythronium oregonum	../Drawing/Plant_images/images/ErythroniumOregonum.jpg	
274	Eschscholtzia californica	../Drawing/Plant_images/images/EschscholtziaCalifornica.jpg	
275	FragariaVescaSemperfl orens	../Drawing/Plant_images/images/FragariaVescaSemperflorens.jpg	
276	FragariaVescaSemperfl orens	../Drawing/Plant_images/images/FragariaVescaSemperflorens2.jpg	
277	Fritillarea lanceolate	../Drawing/Plant_images/images/FritillareaLanceolate.jpg	
278	Fuchsia alpestris	../Drawing/Plant_images/images/FuchsiaAlpestris.jpg	
279	Fuchsia magellanica	../Drawing/Plant_images/images/FuchsiaMagellanica.jpg	
280	Galium odoratum	../Drawing/Plant_images/images/GaliumOdoratum.jpg	
281	Galium odoratum	../Drawing/Plant_images/images/GaliumOdoratum2.jpg	
282	Gaultheria mucronata	../Drawing/Plant_images/images/GaultheriaMucronata.jpg	
283	Gaultheria procumbens	../Drawing/Plant_images/images/GaultheriaProcumbens.jpg	
284	Gaultheria procumbens	../Drawing/Plant_images/images/GaultheriaProcumbens2.jpg	
285	Geum macrophyllum	../Drawing/Plant_images/images/GeumMacrophyllum.jpg	
286	Geum triflorum	../Drawing/Plant_images/images/GeumTriflorum.jpg	
287	Gilia aggregata	../Drawing/Plant_images/images/GiliaAggregata.jpg	
288	Grindelia integrifolia	../Drawing/Plant_images/images/GrindeliaIntegrifolia.jpg	
289	Hemerocallis fulva	../Drawing/Plant_images/images/HemerocallisFulva.jpg	
290	Hemerocallis fulva	../Drawing/Plant_images/images/HemerocallisFulva2.jpg	
291	Hemerocallis littorea	../Drawing/Plant_images/images/HemerocallisLittorea.jpg	
292	Hemerocallis middendorffii	../Drawing/Plant_images/images/HemerocallisMiddendorffii.jpg	
293	Hemerocallis middendorffii	../Drawing/Plant_images/images/HemerocallisMiddendorffii2.jpg	
294		../Drawing/Plant_images/images/HemerocallisMiddendorffiiEsculenta.jpg	
295	Hesperis matronalis	../Drawing/Plant_images/images/HesperisMatronalis.jpg	
296	Hibiscus moscheutos	../Drawing/Plant_images/images/HibiscusMoscheutos.jpg	
297	Hibiscus moscheutos	../Drawing/Plant_images/images/HibiscusMoscheutos2.jpg	
298	Hieracium aurantiacum	../Drawing/Plant_images/images/HieraciumAurantiacum.jpg	
299	Hippophae rhamnoides	../Drawing/Plant_images/images/HippophaeRhamnoides.jpg	
300	Hydrophyllum tenuipes	../Drawing/Plant_images/images/HydrophyllumTenuipes.jpg	
301	Impatiens glandulifera	../Drawing/Plant_images/images/ImpatiensGlandulifera.jpg	
302	Impatiens glandulifera	../Drawing/Plant_images/images/ImpatiensGlandulifera2.jpg	
303	Impatiens noli-tangere	../Drawing/Plant_images/images/ImpatiensNoli-tangere.jpg	
304	Impatiens noli-tangere	../Drawing/Plant_images/images/ImpatiensNoli-tangere2.jpg	
305	Iris pseudacorus	../Drawing/Plant_images/images/IrisPseudacorus.jpg	
306	Lamium galeobdolon	../Drawing/Plant_images/images/LamiumGaleobdolon.jpg	
307	Lamium galeobdolon	../Drawing/Plant_images/images/LamiumGaleobdolon2.jpg	
308	Lathyrus japonicus	../Drawing/Plant_images/images/LathyrusJaponicus.jpg	
309	Lathyrus latifolius	../Drawing/Plant_images/images/LathyrusLatifolius.jpg	
310	Lathyrus nevadensis	../Drawing/Plant_images/images/LathyrusNevadensis.jpg	
311	Lilium columbianum	../Drawing/Plant_images/images/LiliumColumbianum.jpg	
312	Linaria vulgaris	../Drawing/Plant_images/images/LinariaVulgaris.jpg	
313	Lipinus latifolius	../Drawing/Plant_images/images/LipinusLatifolius.jpg	
314	Lomatium matrindalei	../Drawing/Plant_images/images/LomatiumMatrindalei.jpg	
315	Lomatium nudicaule	../Drawing/Plant_images/images/LomatiumNudicaule.jpg	
316	Lomatium utriculatum	../Drawing/Plant_images/images/LomatiumUtriculatum.jpg	
317	Lotus corniculatus	../Drawing/Plant_images/images/LotusCorniculatus.jpg	
318	Luetkea pectinata	../Drawing/Plant_images/images/LuetkeaPectinata.jpg	
319	Lupinus arboreus	../Drawing/Plant_images/images/LupinusArboreus.jpg	
320	Lupinus polycarpus	../Drawing/Plant_images/images/LupinusPolycarpus.jpg	
321	Lupinus polyphyllus	../Drawing/Plant_images/images/LupinusPolyphyllus.jpg	
322	Lysichiton americanus	../Drawing/Plant_images/images/LysichitonAmericanus.jpg	
323	Lysimachia nummularia	../Drawing/Plant_images/images/LysimachiaNummularia.jpg	
324	Mahonia aquifolium	../Drawing/Plant_images/images/MahoniaAquifolium.jpg	
325	Mahonia aquifolium	../Drawing/Plant_images/images/MahoniaAquifolium2.jpg	
326	Maianthemum dilatatum	../Drawing/Plant_images/images/MaianthemumDilatatum.jpg	
327	Maianthemum dilatatum	../Drawing/Plant_images/images/MaianthemumDilatatum2.jpg	
328	MalusBaccataMands churica	../Drawing/Plant_images/images/MalusBaccataMandschurica.jpg	
329	MalusBaccataMands churica	../Drawing/Plant_images/images/MalusBaccataMandschurica2.jpg	
330	MalusXPurpu rea	../Drawing/Plant_images/images/MalusXPurpurea.jpg	
331	Malva alcea	../Drawing/Plant_images/images/MalvaAlcea.jpg	
332	Malva alcea	../Drawing/Plant_images/images/MalvaAlcea2.jpg	
333	Malva moschata	../Drawing/Plant_images/images/MalvaMoschata.jpg	
334	Malva moschata	../Drawing/Plant_images/images/MalvaMoschata2.jpg	
335	Malva sylvestris	../Drawing/Plant_images/images/MalvaSylvestris.jpg	
336	Malva sylvestris	../Drawing/Plant_images/images/MalvaSylvestris2.jpg	
337	Matricaria discoidea	../Drawing/Plant_images/images/MatricariaDiscoidea.jpg	
338	Medicago sativa	../Drawing/Plant_images/images/MedicagoSativa.jpg	
339	Melissa officinalis	../Drawing/Plant_images/images/MelissaOfficinalis.jpg	
340	Mentha arvensis	../Drawing/Plant_images/images/MenthaArvensis.jpg	
341		../Drawing/Plant_images/images/MenthaXPiperitaVulgaris.jpg	
342	Mimulas guttatus	../Drawing/Plant_images/images/MimulasGuttatus.jpg	
343	Mimulus alsinoides	../Drawing/Plant_images/images/MimulusAlsinoides.jpg	
344	Monotropa uniflora	../Drawing/Plant_images/images/MonotropaUniflora.jpg	
345	Najas flexilis	../Drawing/Plant_images/images/NajasFlexilis.jpg	
346	Nuphar polysepala	../Drawing/Plant_images/images/NupharPolysepala.jpg	
347	Nymphaea odorata	../Drawing/Plant_images/images/NymphaeaOdorata.jpg	
348	Oemleria cerasiformis	../Drawing/Plant_images/images/OemleriaCerasiformis.jpg	
349	Oemleria cerasiformis	../Drawing/Plant_images/images/OemleriaCerasiformis2.jpg	
350	Opuntia ficus-indica	../Drawing/Plant_images/images/OpuntiaFicus-indica.jpg	
351	Oxalis adenophylla	../Drawing/Plant_images/images/OxalisAdenophylla.jpg	
352	Oxalis deppei	../Drawing/Plant_images/images/OxalisDeppei.jpg	
353	Oxalis lasiandra	../Drawing/Plant_images/images/OxalisLasiandra.jpg	
354	Oxalis lasiandra	../Drawing/Plant_images/images/OxalisLasiandra2.jpg	
355	Oxalis tetraphylla	../Drawing/Plant_images/images/OxalisTetraphylla.jpg	
356	Oxalis tetraphylla	../Drawing/Plant_images/images/OxalisTetraphylla2.jpg	
357	Oxytropis monticola	../Drawing/Plant_images/images/OxytropisMonticola.jpg	
358	Pachysandra terminalis	../Drawing/Plant_images/images/PachysandraTerminalis.jpg	
359	Pachysandra terminalis	../Drawing/Plant_images/images/PachysandraTerminalis2.jpg	
360	Passiflora caerulea	../Drawing/Plant_images/images/PassifloraCaerulea.jpg	
361	Passiflora caerulea	../Drawing/Plant_images/images/PassifloraCaerulea2.jpg	
362	Passiflora caerulea	../Drawing/Plant_images/images/PassifloraCaerulea3.jpg	
363	Passiflora caerulea	../Drawing/Plant_images/images/PassifloraCaerulea4.jpg	
364	Pedicularis bracteosa	../Drawing/Plant_images/images/PedicularisBracteosa.jpg	
365	Pedicularis bracteosa-	../Drawing/Plant_images/images/PedicularisBracteosa-1.jpg	
366	Pedicularis racemosa	../Drawing/Plant_images/images/PedicularisRacemosa.jpg	
367	Penstemon pruinosis	../Drawing/Plant_images/images/PenstemonPruinosis.jpg	
368	Petroselinum crispum	../Drawing/Plant_images/images/PetroselinumCrispum.jpg	
369	Phacelia leptosepala	../Drawing/Plant_images/images/PhaceliaLeptosepala.jpg	
370	Phacelia sericea	../Drawing/Plant_images/images/PhaceliaSericea.jpg	
371	Phlox diffusa	../Drawing/Plant_images/images/PhloxDiffusa.jpg	
372	Phyllodoce empetriformis	../Drawing/Plant_images/images/PhyllodoceEmpetriformis.jpg	
373	Plantago lanceolata	../Drawing/Plant_images/images/PlantagoLanceolata.jpg	
374	Plectritis congesta	../Drawing/Plant_images/images/PlectritisCongesta.jpg	
375	Podophyllum peltatum	../Drawing/Plant_images/images/PodophyllumPeltatum.jpg	
376	Podophyllum peltatum	../Drawing/Plant_images/images/PodophyllumPeltatum2.jpg	
377	Podophyllum pleianthum	../Drawing/Plant_images/images/PodophyllumPleianthum.jpg	
378	Podophyllum pleianthum	../Drawing/Plant_images/images/PodophyllumPleianthum2.jpg	
379	Polemonium pulcherrimum	../Drawing/Plant_images/images/PolemoniumPulcherrimum.jpg	
380	Polygonatum biflorum	../Drawing/Plant_images/images/PolygonatumBiflorum.jpg	
381	Polygonatum commutatum	../Drawing/Plant_images/images/PolygonatumCommutatum.jpg	
382	Polygonatum commutatum	../Drawing/Plant_images/images/PolygonatumCommutatum2.jpg	
383	Polygonum bistortoides	../Drawing/Plant_images/images/PolygonumBistortoides.jpg	
384	Polygonum hydropiper	../Drawing/Plant_images/images/PolygonumHydropiper.jpg	
385	Potentilla anserina	../Drawing/Plant_images/images/PotentillaAnserina.jpg	
386	Potentilla palustris	../Drawing/Plant_images/images/PotentillaPalustris.jpg	
387	Potentilla recta	../Drawing/Plant_images/images/PotentillaRecta.jpg	
388	Prunella vulgaris	../Drawing/Plant_images/images/PrunellaVulgaris.jpg	
389	Punica granatum	../Drawing/Plant_images/images/PunicaGranatum.jpg	
390	Rhamnus cathartica	../Drawing/Plant_images/images/RhamnusCathartica.jpg	
391	Rhamnus cathartica	../Drawing/Plant_images/images/RhamnusCathartica2.jpg	
392	Ribes sanguineum	../Drawing/Plant_images/images/RibesSanguineum.jpg	
393	Ribes viscosissimum	../Drawing/Plant_images/images/RibesViscosissimum.jpg	
394	Rubus fruticosus	../Drawing/Plant_images/images/RubusFruticosus.jpg	
395	Rubus fruticosus	../Drawing/Plant_images/images/RubusFruticosus2.jpg	
396	Rubus nepalensis	../Drawing/Plant_images/images/RubusNepalensis.jpg	
397	Rubus nepalensis	../Drawing/Plant_images/images/RubusNepalensis2.jpg	
398	Rubus spectabilis	../Drawing/Plant_images/images/RubusSpectabilis.jpg	
399	Rumex acetosella	../Drawing/Plant_images/images/RumexAcetosella.jpg	
400	Sagittaria latifolia	../Drawing/Plant_images/images/SagittariaLatifolia.jpg	
401	Sagittaria latifolia	../Drawing/Plant_images/images/SagittariaLatifolia1.jpg	
402	Sanicula arctopoides	../Drawing/Plant_images/images/SaniculaArctopoides.jpg	
403	Sanicula crassicaulis	../Drawing/Plant_images/images/SaniculaCrassicaulis.jpg	
404	Schisandra chinensis	../Drawing/Plant_images/images/SchisandraChinensis.jpg	
405	Schisandra chinensis	../Drawing/Plant_images/images/SchisandraChinensis1.jpg	
406	Silene parryi	../Drawing/Plant_images/images/SileneParryi.jpg	
407	Smilacina stellata	../Drawing/Plant_images/images/SmilacinaStellata.jpg	
408	Spiraea densiflora	../Drawing/Plant_images/images/SpiraeaDensiflora.jpg	
409	Streptopus amplexifolius	../Drawing/Plant_images/images/StreptopusAmplexifolius.jpg	
410	Streptopus roseus	../Drawing/Plant_images/images/StreptopusRoseus.jpg	
411	Thymus vulgaris	../Drawing/Plant_images/images/ThymusVulgaris.jpg	
412	Tragopogon porrifolius	../Drawing/Plant_images/images/TragopogonPorrifolius.jpg	
413	Trifolium wormskjoldil	../Drawing/Plant_images/images/TrifoliumWormskjoldil.jpg	
414	Triglochin maritima	../Drawing/Plant_images/images/TriglochinMaritima.jpg	
415	Triteleia hyacinthina	../Drawing/Plant_images/images/TriteleiaHyacinthina.jpg	
416	Ugni molinae	../Drawing/Plant_images/images/UgniMolinae.jpg	
417	Ugni molinae	../Drawing/Plant_images/images/UgniMolinae2.jpg	
418	Ugni molinae	../Drawing/Plant_images/images/UgniMolinae3.jpg	
419	Ulex europaeus	../Drawing/Plant_images/images/UlexEuropaeus.jpg	
420	Ulex europaeus-	../Drawing/Plant_images/images/UlexEuropaeus-1.jpg	
421	Urtica dioica	../Drawing/Plant_images/images/UrticaDioica.jpg	
422	Vaccinium macrocarpon	../Drawing/Plant_images/images/VacciniumMacrocarpon.jpg	
423	Vaccinium oxycoccos	../Drawing/Plant_images/images/VacciniumOxycoccos.jpg	
424	Veronica cusickii	../Drawing/Plant_images/images/VeronicaCusickii.jpg	
425	Viola canadensis	../Drawing/Plant_images/images/ViolaCanadensis.jpg	
426	Viola canadensis	../Drawing/Plant_images/images/ViolaCanadensis2.jpg	
427	Viola cornuta	../Drawing/Plant_images/images/ViolaCornuta.jpg	
428	Viola cornuta	../Drawing/Plant_images/images/ViolaCornuta2.jpg	
429	Viola odorata	../Drawing/Plant_images/images/ViolaOdorata.jpg	
430	Viola odorata	../Drawing/Plant_images/images/ViolaOdorata2.jpg	
431	Viola sororia	../Drawing/Plant_images/images/ViolaSororia.jpg	
432	Viola tricolor	../Drawing/Plant_images/images/ViolaTricolor.jpg	
433	Viola tricolor	../Drawing/Plant_images/images/ViolaTricolor2.jpg	
434	ViolaXWittr ockiana	../Drawing/Plant_images/images/ViolaXWittrockiana.jpg	
435	ViolaXWittr ockiana	../Drawing/Plant_images/images/ViolaXWittrockiana2.jpg	
436	Zantedeschia aethiopica	../Drawing/Plant_images/images/ZantedeschiaAethiopica.jpg	
437	Zanthoxylum simulans	../Drawing/Plant_images/images/ZanthoxylumSimulans.jpg	
438	Zanthoxylum simulans	../Drawing/Plant_images/images/ZanthoxylumSimulans1.jpg	
439	Zygadenus venonosus	../Drawing/Plant_images/images/ZygadenusVenonosus.jpg	
